Workbook

Sheet Ficha técnica
A1: ALCALDÍA DE SANTIAGO DE CALI · MODELO INTEGRADO DE PLANEACIÓN Y GESTIÓN (MIPG)
A2: ANEXO F. CUESTIONARIO Y RESULTADOS DE LA ENCUESTA DE PREPARACIÓN AL CAMBIO
A3: Código: Anexo F de la guía MEDE01.08.04.P001.G001 · Versión 001 · Simulación académica (no corresponde a un formato aprobado por DATIC)
A4: Estrategia de uso y apropiación del SIG para la gestión de intervenciones en el espacio público de Santiago de Cali
A6: Aspecto | B6: Descripción
A7: Objetivo | B7: Conocer la percepción de las partes interesadas frente al uso y la apropiación del SIG, según los cinco pilares del cambio
A8: Instrumento | B8: Cuestionario en Google Forms con 3 preguntas de identificación, 15 afirmaciones (3 por pilar) y 2 preguntas abiertas (hoja «Cuestionario»)
A9: Escala | B9: 1 = totalmente en desacuerdo; 2 = en desacuerdo; 3 = de acuerdo; 4 = totalmente de acuerdo
A10: Diseño y cálculo de la muestra | B10: 26/04/2027 al 07/05/2027 (tarea 3 del cronograma F004); ver hoja «Muestra»
A11: Aplicación | B11: 11/05/2027 al 21/05/2027 (tarea 4)
A12: Tabulación y análisis | B12: 24/05/2027 al 04/06/2027 (tarea 5); ver hojas «Respuestas», «Resultados» y «Análisis»
A13: Muestreo | B13: Estratificado por público; confianza del 90 %, precisión del 5 % y P = Q = 0,5
A14: Valores de referencia (escala difusa de la guía) | B14: Satisfactorio: mayor a 3,00. Aceptable: entre 2,00 y 2,99. Bajo: entre 1,00 y 1,99
A15: Hojas: Cuestionario · Muestra · Respuestas · Resultados · Análisis | B15: DATOS SIMULADOS para la simulación académica. Para usar datos reales, reemplace los conteos de la hoja «Respuestas» (texto azul); las demás hojas se recalculan solas.

Sheet Cuestionario
A1: ALCALDÍA DE SANTIAGO DE CALI · MODELO INTEGRADO DE PLANEACIÓN Y GESTIÓN (MIPG)
A2: CUESTIONARIO DE PREPARACIÓN AL CAMBIO
A3: Código: Anexo F · Versión 001 · Simulación académica (no corresponde a un formato aprobado por DATIC)
A4: Presentación: la Alcaldía de Santiago de Cali está implementando un SIG para radicar, revisar y hacer seguimiento a las intervenciones en el espacio público. La encuesta dura cerca de 8 minutos, es voluntaria y sus datos se tratan conforme a la Ley 1581 de 2012.
A6: Parte 1. Identificación
A7: No. | B7: Pregunta
A8: 1 | B8: Nombre (opcional para los solicitantes externos)
A9: 2 | B9: Organismo o entidad a la que pertenece. Para los externos: tipo de solicitante (ciudadano, contratista o empresa de servicios públicos)
A10: 3 | B10: Rol o tipo de vínculo (solicitante externo, revisor técnico, inspector de campo, coordinador o administrador funcional, administrador tecnológico) y tipo de vinculación (planta, contrato o externo)
A12: Parte 2. Afirmaciones (marque de 1 a 4: 1 = totalmente en desacuerdo, 4 = totalmente de acuerdo)
A13: No. | B13: Pilar | C13: Afirmación | D13: 1 | E13: 2 | F13: 3 | G13: 4
A14: 1 | B14: Conciencia | C14: Comprendo por qué la entidad necesita centralizar las solicitudes de intervención en un solo sistema con mapa
A15: 2 | B15: Conciencia | C15: Identifico los problemas de trabajar con correos, PDF y hojas de cálculo dispersos
A16: 3 | B16: Conciencia | C16: Conozco los beneficios que el sistema tendrá para mi rol
A17: 4 | B17: Compromiso | C17: Estoy dispuesto a radicar, revisar o registrar visitas únicamente en el sistema
A18: 5 | B18: Compromiso | C18: Considero que el sistema mejorará mi trabajo o mi trámite
A19: 6 | B19: Compromiso | C19: Estoy dispuesto a participar en las capacitaciones y actividades que se programen
A20: 7 | B20: Conocimiento | C20: Tengo experiencia previa con sistemas de información geográfica y mapas web
A21: 8 | B21: Conocimiento | C21: Sé qué datos y documentos debe tener una solicitud de intervención
A22: 9 | B22: Conocimiento | C22: Conozco cómo se hace el seguimiento de los estados de una solicitud
A23: 10 | B23: Capacidad | C23: Me siento en capacidad de usar el sistema desde un celular o un computador sin apoyo
A24: 11 | B24: Capacidad | C24: Cuento con el tiempo y los equipos necesarios para usarlo en mi jornada
A25: 12 | B25: Capacidad | C25: Podría trabajar con el sistema aunque la conectividad sea limitada
... A28: 15 | B28: Cultura | C28: Considero que el sistema se integrará en mi forma habitual de trabajar
A30: Parte 3. Preguntas abiertas
A31: No. | B31: Pregunta
A32: 1 | B32: ¿Qué dificultades cree que podrían afectar el uso del sistema en su trabajo o en sus trámites?
A33: 2 | B33: ¿Qué apoyo o capacitación le sería más útil antes de la puesta en marcha?

Sheet Muestra
A1: ALCALDÍA DE SANTIAGO DE CALI · MODELO INTEGRADO DE PLANEACIÓN Y GESTIÓN (MIPG)
A2: CÁLCULO DE LA MUESTRA ESTRATIFICADA
A3: Código: Sección 4.6.1 · Versión 001 · Simulación académica (no corresponde a un formato aprobado por DATIC)
A4: Fórmula de la guía por estrato: n = N·P·Q / (N·E + P·Q), con E = d² / Z²
A6: Parámetros
A7: Nivel de confianza | B7: 0.9
A8: Z (distribución normal para 90 %) | B8: 1.645
A9: Precisión (d) | B9: 0.05
A10: Proporción de éxito (P) | B10: 0.5
A11: Proporción de fracaso (Q = 1 − P) | B11: =1-B10 -> 0.5
A12: Error (E = d² / Z²) | B12: =B9^2/B8^2 -> 0.00092386434
A14: Público | B14: Población (N) | C14: n teórica | D14: Tamaño de muestra
A15: Solicitantes externos | B15: 2000 | C15: =B15*$B$10*$B$11/(B15*$B$12+$B$10*$B$11) -> 238.35304 | D15: =ROUNDUP(C15,0) -> 239
A16: Revisores técnicos | B16: 45 | C16: =B16*$B$10*$B$11/(B16*$B$12+$B$10*$B$11) -> 38.583701 | D16: =ROUNDUP(C16,0) -> 39
A17: Inspectores de campo | B17: 50 | C17: =B17*$B$10*$B$11/(B17*$B$12+$B$10*$B$11) -> 42.202182 | D17: =ROUNDUP(C17,0) -> 43
A18: Coordinadores o administradores funcionales | B18: 20 | C18: =B18*$B$10*$B$11/(B18*$B$12+$B$10*$B$11) -> 18.623549 | D18: =ROUNDUP(C18,0) -> 19
A19: Administradores tecnológicos | B19: 5 | C19: =B19*$B$10*$B$11/(B19*$B$12+$B$10*$B$11) -> 4.9092896 | D19: =ROUNDUP(C19,0) -> 5
A20: Total | B20: =SUM(B15:B19) -> 2120 | D20: =SUM(D15:D19) -> 345
A22: Las poblaciones son las del año 1 del Taller 2 (texto azul = supuesto editable). Las muestras internas se acercan a un censo por el tamaño pequeño de cada estrato.

Sheet Respuestas
A1: ALCALDÍA DE SANTIAGO DE CALI · MODELO INTEGRADO DE PLANEACIÓN Y GESTIÓN (MIPG)
A2: RESPUESTAS TABULADAS (DATOS SIMULADOS)
A3: Código: Anexo F · Versión 001 · Simulación académica (no corresponde a un formato aprobado por DATIC)
A4: Conteo de respuestas por afirmación y público (texto azul = dato de entrada). Reemplace los conteos por los reales; el resto se calcula.
A5: No. | B5: Pilar | C5: Afirmación | D5: Público | E5: Valor 1 | F5: Valor 2 | G5: Valor 3 | H5: Valor 4 | I5: Respuestas (n) | J5: Parcial (valor × respuestas) | K5: Calificación | L5: Resultado
A6: 1 | B6: Conciencia | C6: Comprendo por qué la entidad necesita centralizar las solicitudes de intervención en un solo sistema con mapa | D6: Solicitantes externos | E6: 2 | F6: 32 | G6: 117 | H6: 88 | I6: =SUM(E6:H6) -> 239 | J6: =E6+2*F6+3*G6+4*H6 -> 769 | K6: =J6/I6 -> 3.2175732 | L6: =IF(K6>3,"Satisfactorio",IF(K6>=2,"Aceptable","Bajo")) -> Satisfactorio
A7: 1 | B7: Conciencia | C7: Comprendo por qué la entidad necesita centralizar las solicitudes de intervención en un solo sistema con mapa | D7: Revisores técnicos | E7: 0 | F7: 3 | G7: 16 | H7: 20 | I7: =SUM(E7:H7) -> 39 | J7: =E7+2*F7+3*G7+4*H7 -> 134 | K7: =J7/I7 -> 3.4358974 | L7: =IF(K7>3,"Satisfactorio",IF(K7>=2,"Aceptable","Bajo")) -> Satisfactorio
A8: 1 | B8: Conciencia | C8: Comprendo por qué la entidad necesita centralizar las solicitudes de intervención en un solo sistema con mapa | D8: Inspectores de campo | E8: 0 | F8: 4 | G8: 19 | H8: 20 | I8: =SUM(E8:H8) -> 43 | J8: =E8+2*F8+3*G8+4*H8 -> 145 | K8: =J8/I8 -> 3.372093 | L8: =IF(K8>3,"Satisfactorio",IF(K8>=2,"Aceptable","Bajo")) -> Satisfactorio
A9: 1 | B9: Conciencia | C9: Comprendo por qué la entidad necesita centralizar las solicitudes de intervención en un solo sistema con mapa | D9: Coordinadores o administradores funcionales | E9: 0 | F9: 1 | G9: 7 | H9: 11 | I9: =SUM(E9:H9) -> 19 | J9: =E9+2*F9+3*G9+4*H9 -> 67 | K9: =J9/I9 -> 3.5263158 | L9: =IF(K9>3,"Satisfactorio",IF(K9>=2,"Aceptable","Bajo")) -> Satisfactorio
A10: 1 | B10: Conciencia | C10: Comprendo por qué la entidad necesita centralizar las solicitudes de intervención en un solo sistema con mapa | D10: Administradores tecnológicos | E10: 0 | F10: 0 | G10: 2 | H10: 3 | I10: =SUM(E10:H10) -> 5 | J10: =E10+2*F10+3*G10+4*H10 -> 18 | K10: =J10/I10 -> 3.6 | L10: =IF(K10>3,"Satisfactorio",IF(K10>=2,"Aceptable","Bajo")) -> Satisfactorio
A11: 2 | B11: Conciencia | C11: Identifico los problemas de trabajar con correos, PDF y hojas de cálculo dispersos | D11: Solicitantes externos | E11: 3 | F11: 40 | G11: 121 | H11: 75 | I11: =SUM(E11:H11) -> 239 | J11: =E11+2*F11+3*G11+4*H11 -> 746 | K11: =J11/I11 -> 3.1213389 | L11: =IF(K11>3,"Satisfactorio",IF(K11>=2,"Aceptable","Bajo")) -> Satisfactorio
A12: 2 | B12: Conciencia | C12: Identifico los problemas de trabajar con correos, PDF y hojas de cálculo dispersos | D12: Revisores técnicos | E12: 0 | F12: 4 | G12: 18 | H12: 17 | I12: =SUM(E12:H12) -> 39 | J12: =E12+2*F12+3*G12+4*H12 -> 130 | K12: =J12/I12 -> 3.3333333 | L12: =IF(K12>3,"Satisfactorio",IF(K12>=2,"Aceptable","Bajo")) -> Satisfactorio
A13: 2 | B13: Conciencia | C13: Identifico los problemas de trabajar con correos, PDF y hojas de cálculo dispersos | D13: Inspectores de campo | E13: 0 | F13: 5 | G13: 20 | H13: 18 | I13: =SUM(E13:H13) -> 43 | J13: =E13+2*F13+3*G13+4*H13 -> 142 | K13: =J13/I13 -> 3.3023256 | L13: =IF(K13>3,"Satisfactorio",IF(K13>=2,"Aceptable","Bajo")) -> Satisfactorio
A14: 2 | B14: Conciencia | C14: Identifico los problemas de trabajar con correos, PDF y hojas de cálculo dispersos | D14: Coordinadores o administradores funcionales | E14: 0 | F14: 1 | G14: 8 | H14: 10 | I14: =SUM(E14:H14) -> 19 | J14: =E14+2*F14+3*G14+4*H14 -> 66 | K14: =J14/I14 -> 3.4736842 | L14: =IF(K14>3,"Satisfactorio",IF(K14>=2,"Aceptable","Bajo")) -> Satisfactorio
A15: 2 | B15: Conciencia | C15: Identifico los problemas de trabajar con correos, PDF y hojas de cálculo dispersos | D15: Administradores tecnológicos | E15: 0 | F15: 0 | G15: 2 | H15: 3 | I15: =SUM(E15:H15) -> 5 | J15: =E15+2*F15+3*G15+4*H15 -> 18 | K15: =J15/I15 -> 3.6 | L15: =IF(K15>3,"Satisfactorio",IF(K15>=2,"Aceptable","Bajo")) -> Satisfactorio
A16: 3 | B16: Conciencia | C16: Conozco los beneficios que el sistema tendrá para mi rol | D16: Solicitantes externos | E16: 4 | F16: 49 | G16: 122 | H16: 64 | I16: =SUM(E16:H16) -> 239 | J16: =E16+2*F16+3*G16+4*H16 -> 724 | K16: =J16/I16 -> 3.0292887 | L16: =IF(K16>3,"Satisfactorio",IF(K16>=2,"Aceptable","Bajo")) -> Satisfactorio
A17: 3 | B17: Conciencia | C17: Conozco los beneficios que el sistema tendrá para mi rol | D17: Revisores técnicos | E17: 0 | F17: 5 | G17: 19 | H17: 15 | I17: =SUM(E17:H17) -> 39 | J17: =E17+2*F17+3*G17+4*H17 -> 127 | K17: =J17/I17 -> 3.2564103 | L17: =IF(K17>3,"Satisfactorio",IF(K17>=2,"Aceptable","Bajo")) -> Satisfactorio
... A80: 15 | B80: Cultura | C80: Considero que el sistema se integrará en mi forma habitual de trabajar | D80: Administradores tecnológicos | E80: 0 | F80: 1 | G80: 2 | H80: 2 | I80: =SUM(E80:H80) -> 5 | J80: =E80+2*F80+3*G80+4*H80 -> 16 | K80: =J80/I80 -> 3.2 | L80: =IF(K80>3,"Satisfactorio",IF(K80>=2,"Aceptable","Bajo")) -> Satisfactorio

Sheet Resultados
A1: ALCALDÍA DE SANTIAGO DE CALI · MODELO INTEGRADO DE PLANEACIÓN Y GESTIÓN (MIPG)
A2: RESULTADOS DE LA ENCUESTA (DATOS SIMULADOS)
A3: Código: Anexo F · Versión 001 · Simulación académica (no corresponde a un formato aprobado por DATIC)
A4: Todas las cifras se calculan con fórmulas a partir de la hoja «Respuestas». Escala de 1 a 4.
A6: Tabla F-3. Calificación promedio por pilar y por público
A7: Pilar | B7: Solicitantes externos | C7: Revisores técnicos | D7: Inspectores de campo | E7: Coordinadores o administradores funcionales | F7: Administradores tecnológicos | G7: General | H7: Resultado
A8: Conciencia | B8: =SUMIFS(Respuestas!$J$6:$J$80,Respuestas!$B$6:$B$80,$A8,Respuestas!$D$6:$D$80,B$7)/SUMIFS(Respuestas!$I$6:$I$80,Respuestas!$B$6:$B$80,$A8,Respuestas!$D$6:$D$80,B$7) -> 3.1227336 | C8: =SUMIFS(Respuestas!$J$6:$J$80,Respuestas!$B$6:$B$80,$A8,Respuestas!$D$6:$D$80,C$7)/SUMIFS(Respuestas!$I$6:$I$80,Respuestas!$B$6:$B$80,$A8,Respuestas!$D$6:$D$80,C$7) -> 3.3418803 | D8: =SUMIFS(Respuestas!$J$6:$J$80,Respuestas!$B$6:$B$80,$A8,Respuestas!$D$6:$D$80,D$7)/SUMIFS(Respuestas!$I$6:$I$80,Respuestas!$B$6:$B$80,$A8,Respuestas!$D$6:$D$80,D$7) -> 3.2790698 | E8: =SUMIFS(Respuestas!$J$6:$J$80,Respuestas!$B$6:$B$80,$A8,Respuestas!$D$6:$D$80,E$7)/SUMIFS(Respuestas!$I$6:$I$80,Respuestas!$B$6:$B$80,$A8,Respuestas!$D$6:$D$80,E$7) -> 3.4561404 | F8: =SUMIFS(Respuestas!$J$6:$J$80,Respuestas!$B$6:$B$80,$A8,Respuestas!$D$6:$D$80,F$7)/SUMIFS(Respuestas!$I$6:$I$80,Respuestas!$B$6:$B$80,$A8,Respuestas!$D$6:$D$80,F$7) -> 3.4666667 | G8: =SUMIFS(Respuestas!$J$6:$J$80,Respuestas!$B$6:$B$80,$A8)/SUMIFS(Respuestas!$I$6:$I$80,Respuestas!$B$6:$B$80,$A8) -> 3.1903382 | H8: =IF(G8>3,"Satisfactorio",IF(G8>=2,"Aceptable","Bajo")) -> Satisfactorio
A9: Compromiso | B9: =SUMIFS(Respuestas!$J$6:$J$80,Respuestas!$B$6:$B$80,$A9,Respuestas!$D$6:$D$80,B$7)/SUMIFS(Respuestas!$I$6:$I$80,Respuestas!$B$6:$B$80,$A9,Respuestas!$D$6:$D$80,B$7) -> 2.9525802 | C9: =SUMIFS(Respuestas!$J$6:$J$80,Respuestas!$B$6:$B$80,$A9,Respuestas!$D$6:$D$80,C$7)/SUMIFS(Respuestas!$I$6:$I$80,Respuestas!$B$6:$B$80,$A9,Respuestas!$D$6:$D$80,C$7) -> 2.6837607 | D9: =SUMIFS(Respuestas!$J$6:$J$80,Respuestas!$B$6:$B$80,$A9,Respuestas!$D$6:$D$80,D$7)/SUMIFS(Respuestas!$I$6:$I$80,Respuestas!$B$6:$B$80,$A9,Respuestas!$D$6:$D$80,D$7) -> 2.7906977 | E9: =SUMIFS(Respuestas!$J$6:$J$80,Respuestas!$B$6:$B$80,$A9,Respuestas!$D$6:$D$80,E$7)/SUMIFS(Respuestas!$I$6:$I$80,Respuestas!$B$6:$B$80,$A9,Respuestas!$D$6:$D$80,E$7) -> 3.3684211 | F9: =SUMIFS(Respuestas!$J$6:$J$80,Respuestas!$B$6:$B$80,$A9,Respuestas!$D$6:$D$80,F$7)/SUMIFS(Respuestas!$I$6:$I$80,Respuestas!$B$6:$B$80,$A9,Respuestas!$D$6:$D$80,F$7) -> 3.2 | G9: =SUMIFS(Respuestas!$J$6:$J$80,Respuestas!$B$6:$B$80,$A9)/SUMIFS(Respuestas!$I$6:$I$80,Respuestas!$B$6:$B$80,$A9) -> 2.9285024 | H9: =IF(G9>3,"Satisfactorio",IF(G9>=2,"Aceptable","Bajo")) -> Aceptable
A10: Conocimiento | B10: =SUMIFS(Respuestas!$J$6:$J$80,Respuestas!$B$6:$B$80,$A10,Respuestas!$D$6:$D$80,B$7)/SUMIFS(Respuestas!$I$6:$I$80,Respuestas!$B$6:$B$80,$A10,Respuestas!$D$6:$D$80,B$7) -> 2.4058577 | C10: =SUMIFS(Respuestas!$J$6:$J$80,Respuestas!$B$6:$B$80,$A10,Respuestas!$D$6:$D$80,C$7)/SUMIFS(Respuestas!$I$6:$I$80,Respuestas!$B$6:$B$80,$A10,Respuestas!$D$6:$D$80,C$7) -> 2.5726496 | D10: =SUMIFS(Respuestas!$J$6:$J$80,Respuestas!$B$6:$B$80,$A10,Respuestas!$D$6:$D$80,D$7)/SUMIFS(Respuestas!$I$6:$I$80,Respuestas!$B$6:$B$80,$A10,Respuestas!$D$6:$D$80,D$7) -> 2.4883721 | E10: =SUMIFS(Respuestas!$J$6:$J$80,Respuestas!$B$6:$B$80,$A10,Respuestas!$D$6:$D$80,E$7)/SUMIFS(Respuestas!$I$6:$I$80,Respuestas!$B$6:$B$80,$A10,Respuestas!$D$6:$D$80,E$7) -> 2.877193 | F10: =SUMIFS(Respuestas!$J$6:$J$80,Respuestas!$B$6:$B$80,$A10,Respuestas!$D$6:$D$80,F$7)/SUMIFS(Respuestas!$I$6:$I$80,Respuestas!$B$6:$B$80,$A10,Respuestas!$D$6:$D$80,F$7) -> 3.2 | G10: =SUMIFS(Respuestas!$J$6:$J$80,Respuestas!$B$6:$B$80,$A10)/SUMIFS(Respuestas!$I$6:$I$80,Respuestas!$B$6:$B$80,$A10) -> 2.4724638 | H10: =IF(G10>3,"Satisfactorio",IF(G10>=2,"Aceptable","Bajo")) -> Aceptable
A11: Capacidad | B11: =SUMIFS(Respuestas!$J$6:$J$80,Respuestas!$B$6:$B$80,$A11,Respuestas!$D$6:$D$80,B$7)/SUMIFS(Respuestas!$I$6:$I$80,Respuestas!$B$6:$B$80,$A11,Respuestas!$D$6:$D$80,B$7) -> 2.5941423 | C11: =SUMIFS(Respuestas!$J$6:$J$80,Respuestas!$B$6:$B$80,$A11,Respuestas!$D$6:$D$80,C$7)/SUMIFS(Respuestas!$I$6:$I$80,Respuestas!$B$6:$B$80,$A11,Respuestas!$D$6:$D$80,C$7) -> 2.7692308 | D11: =SUMIFS(Respuestas!$J$6:$J$80,Respuestas!$B$6:$B$80,$A11,Respuestas!$D$6:$D$80,D$7)/SUMIFS(Respuestas!$I$6:$I$80,Respuestas!$B$6:$B$80,$A11,Respuestas!$D$6:$D$80,D$7) -> 2.3255814 | E11: =SUMIFS(Respuestas!$J$6:$J$80,Respuestas!$B$6:$B$80,$A11,Respuestas!$D$6:$D$80,E$7)/SUMIFS(Respuestas!$I$6:$I$80,Respuestas!$B$6:$B$80,$A11,Respuestas!$D$6:$D$80,E$7) -> 2.9473684 | F11: =SUMIFS(Respuestas!$J$6:$J$80,Respuestas!$B$6:$B$80,$A11,Respuestas!$D$6:$D$80,F$7)/SUMIFS(Respuestas!$I$6:$I$80,Respuestas!$B$6:$B$80,$A11,Respuestas!$D$6:$D$80,F$7) -> 3.1333333 | G11: =SUMIFS(Respuestas!$J$6:$J$80,Respuestas!$B$6:$B$80,$A11)/SUMIFS(Respuestas!$I$6:$I$80,Respuestas!$B$6:$B$80,$A11) -> 2.6077295 | H11: =IF(G11>3,"Satisfactorio",IF(G11>=2,"Aceptable","Bajo")) -> Aceptable
A12: Cultura | B12: =SUMIFS(Respuestas!$J$6:$J$80,Respuestas!$B$6:$B$80,$A12,Respuestas!$D$6:$D$80,B$7)/SUMIFS(Respuestas!$I$6:$I$80,Respuestas!$B$6:$B$80,$A12,Respuestas!$D$6:$D$80,B$7) -> 2.8675035 | C12: =SUMIFS(Respuestas!$J$6:$J$80,Respuestas!$B$6:$B$80,$A12,Respuestas!$D$6:$D$80,C$7)/SUMIFS(Respuestas!$I$6:$I$80,Respuestas!$B$6:$B$80,$A12,Respuestas!$D$6:$D$80,C$7) -> 2.5726496 | D12: =SUMIFS(Respuestas!$J$6:$J$80,Respuestas!$B$6:$B$80,$A12,Respuestas!$D$6:$D$80,D$7)/SUMIFS(Respuestas!$I$6:$I$80,Respuestas!$B$6:$B$80,$A12,Respuestas!$D$6:$D$80,D$7) -> 2.6744186 | E12: =SUMIFS(Respuestas!$J$6:$J$80,Respuestas!$B$6:$B$80,$A12,Respuestas!$D$6:$D$80,E$7)/SUMIFS(Respuestas!$I$6:$I$80,Respuestas!$B$6:$B$80,$A12,Respuestas!$D$6:$D$80,E$7) -> 3.2280702 | F12: =SUMIFS(Respuestas!$J$6:$J$80,Respuestas!$B$6:$B$80,$A12,Respuestas!$D$6:$D$80,F$7)/SUMIFS(Respuestas!$I$6:$I$80,Respuestas!$B$6:$B$80,$A12,Respuestas!$D$6:$D$80,F$7) -> 3.2 | G12: =SUMIFS(Respuestas!$J$6:$J$80,Respuestas!$B$6:$B$80,$A12)/SUMIFS(Respuestas!$I$6:$I$80,Respuestas!$B$6:$B$80,$A12) -> 2.8347826 | H12: =IF(G12>3,"Satisfactorio",IF(G12>=2,"Aceptable","Bajo")) -> Aceptable
A13: Promedio general | B13: =SUMIFS(Respuestas!$J$6:$J$80,Respuestas!$D$6:$D$80,B$7)/SUMIFS(Respuestas!$I$6:$I$80,Respuestas!$D$6:$D$80,B$7) -> 2.7885635 | C13: =SUMIFS(Respuestas!$J$6:$J$80,Respuestas!$D$6:$D$80,C$7)/SUMIFS(Respuestas!$I$6:$I$80,Respuestas!$D$6:$D$80,C$7) -> 2.7880342 | D13: =SUMIFS(Respuestas!$J$6:$J$80,Respuestas!$D$6:$D$80,D$7)/SUMIFS(Respuestas!$I$6:$I$80,Respuestas!$D$6:$D$80,D$7) -> 2.7116279 | E13: =SUMIFS(Respuestas!$J$6:$J$80,Respuestas!$D$6:$D$80,E$7)/SUMIFS(Respuestas!$I$6:$I$80,Respuestas!$D$6:$D$80,E$7) -> 3.1754386 | F13: =SUMIFS(Respuestas!$J$6:$J$80,Respuestas!$D$6:$D$80,F$7)/SUMIFS(Respuestas!$I$6:$I$80,Respuestas!$D$6:$D$80,F$7) -> 3.24 | G13: =SUM(Respuestas!$J$6:$J$80)/SUM(Respuestas!$I$6:$I$80) -> 2.8067633 | H13: =IF(G13>3,"Satisfactorio",IF(G13>=2,"Aceptable","Bajo")) -> Aceptable
A14: Personas que respondieron (n) | B14: =SUMIFS(Respuestas!$I$6:$I$80,Respuestas!$A$6:$A$80,1,Respuestas!$D$6:$D$80,B$7) -> 239 | C14: =SUMIFS(Respuestas!$I$6:$I$80,Respuestas!$A$6:$A$80,1,Respuestas!$D$6:$D$80,C$7) -> 39 | D14: =SUMIFS(Respuestas!$I$6:$I$80,Respuestas!$A$6:$A$80,1,Respuestas!$D$6:$D$80,D$7) -> 43 | E14: =SUMIFS(Respuestas!$I$6:$I$80,Respuestas!$A$6:$A$80,1,Respuestas!$D$6:$D$80,E$7) -> 19 | F14: =SUMIFS(Respuestas!$I$6:$I$80,Respuestas!$A$6:$A$80,1,Respuestas!$D$6:$D$80,F$7) -> 5 | G14: =SUM(B14:F14) -> 345
A15: Muestra calculada (hoja Muestra) | B15: =Muestra!D15 -> 239 | C15: =Muestra!D16 -> 39 | D15: =Muestra!D17 -> 43 | E15: =Muestra!D18 -> 19 | F15: =Muestra!D19 -> 5 | G15: =SUM(B15:F15) -> 345
A16: Cobertura de la muestra | B16: =B14/B15 -> 1 | C16: =C14/C15 -> 1 | D16: =D14/D15 -> 1 | E16: =E14/E15 -> 1 | F16: =F14/F15 -> 1 | G16: =G14/G15 -> 1
A19: Tabla F-4. Calificación por afirmación y distribución de las respuestas (todos los públicos)
A20: No. | B20: Pilar | C20: Afirmación | D20: Valor 1 | E20: Valor 2 | F20: Valor 3 | G20: Valor 4 | H20: Calificación | I20: Resultado
A21: 1 | B21: =INDEX(Respuestas!$B$6:$B$80,MATCH(A21,Respuestas!$A$6:$A$80,0)) -> Conciencia | C21: =INDEX(Respuestas!$C$6:$C$80,MATCH(A21,Respuestas!$A$6:$A$80,0)) -> Comprendo por qué la entidad necesita centralizar las solicitudes de intervención en un solo sistema con mapa | D21: =SUMIFS(Respuestas!$E$6:$E$80,Respuestas!$A$6:$A$80,$A21) -> 2 | E21: =SUMIFS(Respuestas!$F$6:$F$80,Respuestas!$A$6:$A$80,$A21) -> 40 | F21: =SUMIFS(Respuestas!$G$6:$G$80,Respuestas!$A$6:$A$80,$A21) -> 161 | G21: =SUMIFS(Respuestas!$H$6:$H$80,Respuestas!$A$6:$A$80,$A21) -> 142 | H21: =(D21+2*E21+3*F21+4*G21)/SUM(D21:G21) -> 3.284058 | I21: =IF(H21>3,"Satisfactorio",IF(H21>=2,"Aceptable","Bajo")) -> Satisfactorio
A22: 2 | B22: =INDEX(Respuestas!$B$6:$B$80,MATCH(A22,Respuestas!$A$6:$A$80,0)) -> Conciencia | C22: =INDEX(Respuestas!$C$6:$C$80,MATCH(A22,Respuestas!$A$6:$A$80,0)) -> Identifico los problemas de trabajar con correos, PDF y hojas de cálculo dispersos | D22: =SUMIFS(Respuestas!$E$6:$E$80,Respuestas!$A$6:$A$80,$A22) -> 3 | E22: =SUMIFS(Respuestas!$F$6:$F$80,Respuestas!$A$6:$A$80,$A22) -> 50 | F22: =SUMIFS(Respuestas!$G$6:$G$80,Respuestas!$A$6:$A$80,$A22) -> 169 | G22: =SUMIFS(Respuestas!$H$6:$H$80,Respuestas!$A$6:$A$80,$A22) -> 123 | H22: =(D22+2*E22+3*F22+4*G22)/SUM(D22:G22) -> 3.1942029 | I22: =IF(H22>3,"Satisfactorio",IF(H22>=2,"Aceptable","Bajo")) -> Satisfactorio
A23: 3 | B23: =INDEX(Respuestas!$B$6:$B$80,MATCH(A23,Respuestas!$A$6:$A$80,0)) -> Conciencia | C23: =INDEX(Respuestas!$C$6:$C$80,MATCH(A23,Respuestas!$A$6:$A$80,0)) -> Conozco los beneficios que el sistema tendrá para mi rol | D23: =SUMIFS(Respuestas!$E$6:$E$80,Respuestas!$A$6:$A$80,$A23) -> 5 | E23: =SUMIFS(Respuestas!$F$6:$F$80,Respuestas!$A$6:$A$80,$A23) -> 63 | F23: =SUMIFS(Respuestas!$G$6:$G$80,Respuestas!$A$6:$A$80,$A23) -> 172 | G23: =SUMIFS(Respuestas!$H$6:$H$80,Respuestas!$A$6:$A$80,$A23) -> 105 | H23: =(D23+2*E23+3*F23+4*G23)/SUM(D23:G23) -> 3.0927536 | I23: =IF(H23>3,"Satisfactorio",IF(H23>=2,"Aceptable","Bajo")) -> Satisfactorio
A24: 4 | B24: =INDEX(Respuestas!$B$6:$B$80,MATCH(A24,Respuestas!$A$6:$A$80,0)) -> Compromiso | C24: =INDEX(Respuestas!$C$6:$C$80,MATCH(A24,Respuestas!$A$6:$A$80,0)) -> Estoy dispuesto a radicar, revisar o registrar visitas únicamente en el sistema | D24: =SUMIFS(Respuestas!$E$6:$E$80,Respuestas!$A$6:$A$80,$A24) -> 6 | E24: =SUMIFS(Respuestas!$F$6:$F$80,Respuestas!$A$6:$A$80,$A24) -> 71 | F24: =SUMIFS(Respuestas!$G$6:$G$80,Respuestas!$A$6:$A$80,$A24) -> 173 | G24: =SUMIFS(Respuestas!$H$6:$H$80,Respuestas!$A$6:$A$80,$A24) -> 95 | H24: =(D24+2*E24+3*F24+4*G24)/SUM(D24:G24) -> 3.0347826 | I24: =IF(H24>3,"Satisfactorio",IF(H24>=2,"Aceptable","Bajo")) -> Satisfactorio
A25: 5 | B25: =INDEX(Respuestas!$B$6:$B$80,MATCH(A25,Respuestas!$A$6:$A$80,0)) -> Compromiso | C25: =INDEX(Respuestas!$C$6:$C$80,MATCH(A25,Respuestas!$A$6:$A$80,0)) -> Considero que el sistema mejorará mi trabajo o mi trámite | D25: =SUMIFS(Respuestas!$E$6:$E$80,Respuestas!$A$6:$A$80,$A25) -> 9 | E25: =SUMIFS(Respuestas!$F$6:$F$80,Respuestas!$A$6:$A$80,$A25) -> 86 | F25: =SUMIFS(Respuestas!$G$6:$G$80,Respuestas!$A$6:$A$80,$A25) -> 172 | G25: =SUMIFS(Respuestas!$H$6:$H$80,Respuestas!$A$6:$A$80,$A25) -> 78 | H25: =(D25+2*E25+3*F25+4*G25)/SUM(D25:G25) -> 2.9246377 | I25: =IF(H25>3,"Satisfactorio",IF(H25>=2,"Aceptable","Bajo")) -> Aceptable
A26: 6 | B26: =INDEX(Respuestas!$B$6:$B$80,MATCH(A26,Respuestas!$A$6:$A$80,0)) -> Compromiso | C26: =INDEX(Respuestas!$C$6:$C$80,MATCH(A26,Respuestas!$A$6:$A$80,0)) -> Estoy dispuesto a participar en las capacitaciones y actividades que se programen | D26: =SUMIFS(Respuestas!$E$6:$E$80,Respuestas!$A$6:$A$80,$A26) -> 13 | E26: =SUMIFS(Respuestas!$F$6:$F$80,Respuestas!$A$6:$A$80,$A26) -> 99 | F26: =SUMIFS(Respuestas!$G$6:$G$80,Respuestas!$A$6:$A$80,$A26) -> 168 | G26: =SUMIFS(Respuestas!$H$6:$H$80,Respuestas!$A$6:$A$80,$A26) -> 65 | H26: =(D26+2*E26+3*F26+4*G26)/SUM(D26:G26) -> 2.826087 | I26: =IF(H26>3,"Satisfactorio",IF(H26>=2,"Aceptable","Bajo")) -> Aceptable
A27: 7 | B27: =INDEX(Respuestas!$B$6:$B$80,MATCH(A27,Respuestas!$A$6:$A$80,0)) -> Conocimiento | C27: =INDEX(Respuestas!$C$6:$C$80,MATCH(A27,Respuestas!$A$6:$A$80,0)) -> Tengo experiencia previa con sistemas de información geográfica y mapas web | D27: =SUMIFS(Respuestas!$E$6:$E$80,Respuestas!$A$6:$A$80,$A27) -> 25 | E27: =SUMIFS(Respuestas!$F$6:$F$80,Respuestas!$A$6:$A$80,$A27) -> 131 | F27: =SUMIFS(Respuestas!$G$6:$G$80,Respuestas!$A$6:$A$80,$A27) -> 150 | G27: =SUMIFS(Respuestas!$H$6:$H$80,Respuestas!$A$6:$A$80,$A27) -> 39 | H27: =(D27+2*E27+3*F27+4*G27)/SUM(D27:G27) -> 2.5884058 | I27: =IF(H27>3,"Satisfactorio",IF(H27>=2,"Aceptable","Bajo")) -> Aceptable
A28: 8 | B28: =INDEX(Respuestas!$B$6:$B$80,MATCH(A28,Respuestas!$A$6:$A$80,0)) -> Conocimiento | C28: =INDEX(Respuestas!$C$6:$C$80,MATCH(A28,Respuestas!$A$6:$A$80,0)) -> Sé qué datos y documentos debe tener una solicitud de intervención | D28: =SUMIFS(Respuestas!$E$6:$E$80,Respuestas!$A$6:$A$80,$A28) -> 34 | E28: =SUMIFS(Respuestas!$F$6:$F$80,Respuestas!$A$6:$A$80,$A28) -> 145 | F28: =SUMIFS(Respuestas!$G$6:$G$80,Respuestas!$A$6:$A$80,$A28) -> 137 | G28: =SUMIFS(Respuestas!$H$6:$H$80,Respuestas!$A$6:$A$80,$A28) -> 29 | H28: =(D28+2*E28+3*F28+4*G28)/SUM(D28:G28) -> 2.4666667 | I28: =IF(H28>3,"Satisfactorio",IF(H28>=2,"Aceptable","Bajo")) -> Aceptable
A29: 9 | B29: =INDEX(Respuestas!$B$6:$B$80,MATCH(A29,Respuestas!$A$6:$A$80,0)) -> Conocimiento | C29: =INDEX(Respuestas!$C$6:$C$80,MATCH(A29,Respuestas!$A$6:$A$80,0)) -> Conozco cómo se hace el seguimiento de los estados de una solicitud | D29: =SUMIFS(Respuestas!$E$6:$E$80,Respuestas!$A$6:$A$80,$A29) -> 44 | E29: =SUMIFS(Respuestas!$F$6:$F$80,Respuestas!$A$6:$A$80,$A29) -> 155 | F29: =SUMIFS(Respuestas!$G$6:$G$80,Respuestas!$A$6:$A$80,$A29) -> 123 | G29: =SUMIFS(Respuestas!$H$6:$H$80,Respuestas!$A$6:$A$80,$A29) -> 23 | H29: =(D29+2*E29+3*F29+4*G29)/SUM(D29:G29) -> 2.3623188 | I29: =IF(H29>3,"Satisfactorio",IF(H29>=2,"Aceptable","Bajo")) -> Aceptable
A30: 10 | B30: =INDEX(Respuestas!$B$6:$B$80,MATCH(A30,Respuestas!$A$6:$A$80,0)) -> Capacidad | C30: =INDEX(Respuestas!$C$6:$C$80,MATCH(A30,Respuestas!$A$6:$A$80,0)) -> Me siento en capacidad de usar el sistema desde un celular o un computador sin apoyo | D30: =SUMIFS(Respuestas!$E$6:$E$80,Respuestas!$A$6:$A$80,$A30) -> 17 | E30: =SUMIFS(Respuestas!$F$6:$F$80,Respuestas!$A$6:$A$80,$A30) -> 114 | F30: =SUMIFS(Respuestas!$G$6:$G$80,Respuestas!$A$6:$A$80,$A30) -> 162 | G30: =SUMIFS(Respuestas!$H$6:$H$80,Respuestas!$A$6:$A$80,$A30) -> 52 | H30: =(D30+2*E30+3*F30+4*G30)/SUM(D30:G30) -> 2.7217391 | I30: =IF(H30>3,"Satisfactorio",IF(H30>=2,"Aceptable","Bajo")) -> Aceptable
A31: 11 | B31: =INDEX(Respuestas!$B$6:$B$80,MATCH(A31,Respuestas!$A$6:$A$80,0)) -> Capacidad | C31: =INDEX(Respuestas!$C$6:$C$80,MATCH(A31,Respuestas!$A$6:$A$80,0)) -> Cuento con el tiempo y los equipos necesarios para usarlo en mi jornada | D31: =SUMIFS(Respuestas!$E$6:$E$80,Respuestas!$A$6:$A$80,$A31) -> 24 | E31: =SUMIFS(Respuestas!$F$6:$F$80,Respuestas!$A$6:$A$80,$A31) -> 129 | F31: =SUMIFS(Respuestas!$G$6:$G$80,Respuestas!$A$6:$A$80,$A31) -> 152 | G31: =SUMIFS(Respuestas!$H$6:$H$80,Respuestas!$A$6:$A$80,$A31) -> 40 | H31: =(D31+2*E31+3*F31+4*G31)/SUM(D31:G31) -> 2.6028986 | I31: =IF(H31>3,"Satisfactorio",IF(H31>=2,"Aceptable","Bajo")) -> Aceptable
A32: 12 | B32: =INDEX(Respuestas!$B$6:$B$80,MATCH(A32,Respuestas!$A$6:$A$80,0)) -> Capacidad | C32: =INDEX(Respuestas!$C$6:$C$80,MATCH(A32,Respuestas!$A$6:$A$80,0)) -> Podría trabajar con el sistema aunque la conectividad sea limitada | D32: =SUMIFS(Respuestas!$E$6:$E$80,Respuestas!$A$6:$A$80,$A32) -> 32 | E32: =SUMIFS(Respuestas!$F$6:$F$80,Respuestas!$A$6:$A$80,$A32) -> 141 | F32: =SUMIFS(Respuestas!$G$6:$G$80,Respuestas!$A$6:$A$80,$A32) -> 140 | G32: =SUMIFS(Respuestas!$H$6:$H$80,Respuestas!$A$6:$A$80,$A32) -> 32 | H32: =(D32+2*E32+3*F32+4*G32)/SUM(D32:G32) -> 2.4985507 | I32: =IF(H32>3,"Satisfactorio",IF(H32>=2,"Aceptable","Bajo")) -> Aceptable
... A35: 15 | B35: =INDEX(Respuestas!$B$6:$B$80,MATCH(A35,Respuestas!$A$6:$A$80,0)) -> Cultura | C35: =INDEX(Respuestas!$C$6:$C$80,MATCH(A35,Respuestas!$A$6:$A$80,0)) -> Considero que el sistema se integrará en mi forma habitual de trabajar | D35: =SUMIFS(Respuestas!$E$6:$E$80,Respuestas!$A$6:$A$80,$A35) -> 17 | E35: =SUMIFS(Respuestas!$F$6:$F$80,Respuestas!$A$6:$A$80,$A35) -> 112 | F35: =SUMIFS(Respuestas!$G$6:$G$80,Respuestas!$A$6:$A$80,$A35) -> 163 | G35: =SUMIFS(Respuestas!$H$6:$H$80,Respuestas!$A$6:$A$80,$A35) -> 53 | H35: =(D35+2*E35+3*F35+4*G35)/SUM(D35:G35) -> 2.7304348 | I35: =IF(H35>3,"Satisfactorio",IF(H35>=2,"Aceptable","Bajo")) -> Aceptable
A38: Tabla F-5. Rúbrica de tabulación de la afirmación 1 (formato de la guía)
A39: Valor de la respuesta | B39: Respuestas | C39: Parcial (valor × respuestas)
A40: 1 | B40: =D21 -> 2 | C40: =A40*B40 -> 2
A41: 2 | B41: =E21 -> 40 | C41: =A41*B41 -> 80
A42: 3 | B42: =F21 -> 161 | C42: =A42*B42 -> 483
A43: 4 | B43: =G21 -> 142 | C43: =A43*B43 -> 568
A44: Acumulado | B44: =SUM(B40:B43) -> 345 | C44: =SUM(C40:C43) -> 1133
A45: Calificación | C45: =C44/B44 -> 3.284058

Sheet Análisis
A1: ANÁLISIS Y FACTORES CLAVE (sobre datos simulados)
A3: Lectura general | B3: La preparación general al cambio es aceptable (2,81 sobre 4,00). Solo el pilar de conciencia alcanza el rango satisfactorio (3,19): los públicos entienden por qué se necesita el sistema, pero aún no saben usarlo ni se sienten capaces de hacerlo.
A4: Factores que respaldan | B4: Conciencia satisfactoria en los cinco públicos, con las calificaciones más altas en coordinadores (3,46) y administradores tecnológicos (3,47). Coordinadores y administradores tecnológicos tienen preparación satisfactoria en general (3,18 y 3,24), lo que respalda su rol de voceros y facilitadores. La afirmación mejor calificada es la comprensión de la necesidad del sistema (3,28).
A5: Factores que restringen | B5: Conocimiento es el pilar más bajo (2,47); la afirmación sobre el seguimiento de estados tiene la calificación más baja (2,36). Los revisores muestran el compromiso más bajo (2,68) y una cultura de uso de 2,57, coherente con su resistencia alta en el Anexo A. Los inspectores tienen la capacidad más baja (2,33) y la afirmación sobre conectividad limitada obtiene 2,50, lo que confirma el riesgo de la sección 4.8. Los solicitantes externos, el grupo más numeroso, tienen un conocimiento bajo (2,41).
A7: Ajustes al plan de movilización (Anexo B)
A8: Hallazgo | B8: Ajuste propuesto | C8: Actividad del plan (Anexo B)
A9: Conocimiento bajo, en especial sobre el seguimiento de estados | B9: Reforzar en las capacitaciones el recorrido del expediente y los estados del trámite | C9: 4, 5, 6 y 7
A10: Compromiso bajo en revisores | B10: Involucrar a revisores como usuarios clave y mostrar el beneficio de menor carga manual | C10: 1, 3 y 4
A11: Capacidad baja en inspectores y conectividad limitada | B11: Mantener la práctica en campo con modo sin conexión y sincronización posterior | C11: 6 y 9
A12: Conocimiento bajo en solicitantes externos | B12: Priorizar la guía paso a paso, el video corto y las preguntas frecuentes | C12: 2
A13: Cultura de uso aceptable | B13: Sostener la comunidad de práctica, el módulo virtual y la encuesta de seguimiento | C13: 10
A15: Las cifras citadas en este texto corresponden a la simulación; si cambia la hoja «Respuestas», actualice este análisis.
